,/lpc/nct6687dr/0/control/0,/lpc/nct6687dr/0/control/1,/lpc/nct6687dr/0/control/2,/lpc/nct6687dr/0/control/10,/lpc/nct6687dr/0/control/11,/lpc/nct6687dr/0/control/12,/lpc/nct6687dr/0/control/13,/lpc/nct6687dr/0/control/14,/lpc/nct6687dr/0/control/15,/lpc/nct6687dr/0/control/3,/lpc/nct6687dr/0/voltage/0,/lpc/nct6687dr/0/voltage/1,/lpc/nct6687dr/0/voltage/2,/lpc/nct6687dr/0/voltage/3,/lpc/nct6687dr/0/voltage/4,/lpc/nct6687dr/0/voltage/5,/lpc/nct6687dr/0/voltage/6,/lpc/nct6687dr/0/voltage/8,/lpc/nct6687dr/0/voltage/9,/lpc/nct6687dr/0/voltage/10,/lpc/nct6687dr/0/voltage/11,/lpc/nct6687dr/0/voltage/12,/lpc/nct6687dr/0/voltage/13,/lpc/nct6687dr/0/temperature/0,/lpc/nct6687dr/0/temperature/1,/lpc/nct6687dr/0/temperature/2,/lpc/nct6687dr/0/temperature/3,/lpc/nct6687dr/0/fan/0,/lpc/nct6687dr/0/fan/1,/lpc/nct6687dr/0/fan/2,/lpc/nct6687dr/0/fan/10,/lpc/nct6687dr/0/fan/11,/lpc/nct6687dr/0/fan/12,/lpc/nct6687dr/0/fan/13,/lpc/nct6687dr/0/fan/14,/lpc/nct6687dr/0/fan/15,/lpc/nct6687dr/0/fan/3,/amdcpu/0/load/2,/amdcpu/0/load/3,/amdcpu/0/load/4,/amdcpu/0/load/5,/amdcpu/0/load/6,/amdcpu/0/load/7,/amdcpu/0/load/8,/amdcpu/0/load/9,/amdcpu/0/load/0,/amdcpu/0/load/1,/amdcpu/0/power/0,/amdcpu/0/clock/1,/amdcpu/0/clock/2,/amdcpu/0/clock/3,/amdcpu/0/clock/4,/amdcpu/0/factor/0,/amdcpu/0/power/1,/amdcpu/0/voltage/2,/amdcpu/0/clock/5,/amdcpu/0/clock/6,/amdcpu/0/factor/1,/amdcpu/0/power/2,/amdcpu/0/voltage/3,/amdcpu/0/clock/7,/amdcpu/0/clock/8,/amdcpu/0/factor/2,/amdcpu/0/power/3,/amdcpu/0/voltage/4,/amdcpu/0/clock/9,/amdcpu/0/clock/10,/amdcpu/0/factor/3,/amdcpu/0/power/4,/amdcpu/0/voltage/5,/amdcpu/0/clock/11,/amdcpu/0/clock/12,/amdcpu/0/factor/4,/amdcpu/0/power/5,/amdcpu/0/voltage/6,/amdcpu/0/clock/13,/amdcpu/0/clock/14,/amdcpu/0/factor/5,/amdcpu/0/power/6,/amdcpu/0/voltage/7,/amdcpu/0/clock/15,/amdcpu/0/clock/16,/amdcpu/0/factor/6,/amdcpu/0/power/7,/amdcpu/0/voltage/8,/amdcpu/0/clock/17,/amdcpu/0/clock/18,/amdcpu/0/factor/7,/amdcpu/0/power/8,/amdcpu/0/voltage/9,/amdcpu/0/temperature/2,/amdcpu/0/temperature/3,/amdcpu/0/clock/0,/gpu-amd/0/smalldata/2,/gpu-amd/0/factor/0,/gpu-amd/0/smalldata/5,/gpu-amd/0/smalldata/4,/gpu-amd/0/smalldata/3,/gpu-amd/0/smalldata/6,/gpu-amd/0/smalldata/7,/gpu-amd/0/smalldata/8,/gpu-amd/0/load/2,/gpu-amd/0/load/5,/gpu-amd/0/load/3,/gpu-amd/0/load/4,/gpu-amd/0/load/9,/gpu-amd/0/load/8,/gpu-amd/0/load/7,/gpu-amd/0/load/6,/gpu-amd/0/load/12,/gpu-amd/0/load/11,/gpu-amd/0/load/10,/gpu-amd/0/smalldata/0,/gpu-amd/0/smalldata/1,/gpu-amd/0/clock/0,/gpu-amd/0/clock/1,/gpu-amd/0/clock/2,/gpu-amd/0/temperature/4,/gpu-amd/0/voltage/0,/gpu-amd/0/voltage/2,/gpu-amd/0/load/0,/gpu-amd/0/power/0,/gpu-amd/0/power/2,/gpu-nvidia/0/temperature/0,/gpu-nvidia/0/clock/0,/gpu-nvidia/0/clock/4,/gpu-nvidia/0/fan/1,/gpu-nvidia/0/fan/2,/gpu-nvidia/0/control/1,/gpu-nvidia/0/control/2,/gpu-nvidia/0/load/0,/gpu-nvidia/0/load/1,/gpu-nvidia/0/load/2,/gpu-nvidia/0/load/3,/gpu-nvidia/0/load/4,/gpu-nvidia/0/load/5,/gpu-nvidia/0/voltage/0,/gpu-nvidia/0/smalldata/3,/gpu-nvidia/0/smalldata/4,/gpu-nvidia/0/load/7,/gpu-nvidia/0/load/15,/gpu-nvidia/0/load/17,/gpu-nvidia/0/load/8,/gpu-nvidia/0/load/9,/gpu-nvidia/0/load/16,/gpu-nvidia/0/load/18,/gpu-nvidia/0/load/19,/gpu-nvidia/0/load/14,/gpu-nvidia/0/load/20,/gpu-nvidia/0/load/10,/gpu-nvidia/0/load/11,/gpu-nvidia/0/load/12,/gpu-nvidia/0/load/13,/gpu-nvidia/0/temperature/2,/gpu-nvidia/0/temperature/3,/gpu-nvidia/0/smalldata/2,/gpu-nvidia/0/smalldata/0,/gpu-nvidia/0/smalldata/1,/gpu-nvidia/0/load/3,/gpu-nvidia/0/power/0,/gpu-nvidia/0/throughput/0,/gpu-nvidia/0/throughput/1
Time,"CPU Fan","Pump Fan","Chipset Fan","System Fan #1","System Fan #2","System Fan #3","System Fan #4","System Fan #5","System Fan #6","EZ-Connect Fan","+12V","+5V","CPU Northbridge/SoC","DIMM","Vcore","Chipset","CPU System Agent","+3.3V","VREF","+1.8V","+3V Standby","AVSB","CMOS Battery","CPU Core","System","VRM MOS","Chipset","CPU Fan","Pump Fan #1","Chipset Fan","System Fan #1","System Fan #2","System Fan #3","System Fan #4","System Fan #5","System Fan #6","EZ-Connect Fan","CPU Core #1","CPU Core #2","CPU Core #3","CPU Core #4","CPU Core #5","CPU Core #6","CPU Core #7","CPU Core #8","CPU Total","CPU Core Max","Package","Cores (Average)","Cores (Average Effective)","Core #1","Core #1 (Effective)","Core #1","Core #1 (SMU)","Core #1 VID","Core #2","Core #2 (Effective)","Core #2","Core #2 (SMU)","Core #2 VID","Core #3","Core #3 (Effective)","Core #3","Core #3 (SMU)","Core #3 VID","Core #4","Core #4 (Effective)","Core #4","Core #4 (SMU)","Core #4 VID","Core #5","Core #5 (Effective)","Core #5","Core #5 (SMU)","Core #5 VID","Core #6","Core #6 (Effective)","Core #6","Core #6 (SMU)","Core #6 VID","Core #7","Core #7 (Effective)","Core #7","Core #7 (SMU)","Core #7 VID","Core #8","Core #8 (Effective)","Core #8","Core #8 (SMU)","Core #8 VID","Core (Tctl/Tdie)","CCD1 (Tdie)","Bus Speed","GPU Memory Total","Fullscreen FPS","D3D Dedicated Memory Total","D3D Dedicated Memory Free","D3D Dedicated Memory Used","D3D Shared Memory Used","D3D Shared Memory Free","D3D Shared Memory Total","D3D 3D","D3D Copy","D3D Compute 0","D3D Compute 1","D3D Timer 0","D3D Security 1","D3D High Priority Compute","D3D High Priority 3D","D3D Video JPEG 0","D3D Video Decode 1","D3D Video Codec 0","GPU Memory Used","GPU Memory Free","GPU Core","GPU SoC","GPU Memory","GPU VR SoC","GPU Core","GPU SoC","GPU Core","GPU Core","GPU SoC","GPU Core","GPU Core","GPU Memory","GPU Fan 1","GPU Fan 2","GPU Fan 1","GPU Fan 2","GPU Core","GPU Memory Controller","GPU Video Engine","GPU Bus","GPU Power","GPU Board Power","GPU Core Voltage","D3D Dedicated Memory Used","D3D Shared Memory Used","D3D 3D","D3D Overlay","D3D Video Decode","D3D Copy","D3D Copy","D3D Security","D3D Video Encode","D3D Video Encode","D3D Optical Flow Accelerator 0","D3D VR","D3D Copy","D3D Copy","D3D Copy","D3D Copy","GPU Hot Spot","GPU Memory Junction","GPU Memory Total","GPU Memory Free","GPU Memory Used","GPU Memory","GPU Package","GPU PCIe Rx","GPU PCIe Tx"
05/26/2026 01:36:36,77,49,0,74,47,74,74,74,74,86,12.12,5.03,1.30800009,1.39200008,1.0660001,0.362000018,0.578,3.28400016,2.046,0,3.36800027,3.36800027,3.11600018,67,51.5,53,51.5,1668,628,0,1060,575,0,0,0,0,0,41.54,4.62,4.62,4.62,9.23,81.54,3.08,1.52,18.84,81.54,40.93226,4502,914,4850,1782,48.5,1.85455954,0.64375,4850,516,48.5,0.6472057,0.64375,4817,216,48.5,0.3402243,0.64375,4518,121,48.5,0.241263092,0.64375,4850,313,48.5,0.440496832,0.64375,5000,4194,50,3.442861,0.51875,3672,123,40,0.265764862,0.51875,3462,46,40,0.172046453,0.51875,67.75001,56.6250038,99.99823,512,-1,485.785156,485.5,0.28515625,0.5,7618.451,7618.951,0,0,0,0,0,0,0,0,0,0,0,0,512,600,1200,3000,58,1.069,1.30500007,0,25,17,48,2670,10451.9824,1388,1394,41,41,0,1,0,0,16.518,18.542,0.975,9936.672,416.082031,0.1456352,0,0,0,0,0,0,0,0,0,0,0,0,0,59.3125,60,16376,6139,10236,62.5117378,47.433,449536,449536
05/26/2026 01:36:38,78,49,0,76,47,76,76,76,76,87,12.12,5.03,1.30800009,1.39200008,1.064,0.358,0.578,3.288,2.046,0,3.36800027,3.36800027,3.11600018,68,52,53,51.5,1683,606,0,1063,575,0,0,0,0,0,27.69,6.15,0,1.54,3.08,75.38,0,0,14.23,75.38,40.3791771,3362,740,4040,1455,40.4,1.30451763,0.525,3164,228,33.6666679,0.351954758,0.525,2950,71,33.6666679,0.116965532,0.525,2932,54,33.6666679,0.08594137,0.525,3040,100,33.6666679,0.19258596,0.525,5050,3941,50.5,3.09120584,0.53125,2823,39,33.6666679,0.06696936,0.53125,2894,34,33.6666679,0.0548077561,0.53125,67.75001,56.1250038,99.99823,512,-1,485.785156,485.5,0.28515625,0.5,7618.451,7618.951,0,0,0,0,0,0,0,0,0,0,0,0,512,600,1200,3000,58,1.05500007,1.30500007,0,8,17,47,2670,10451.9824,1352,1352,38,38,0,1,0,0,17.515,20.941,0.975,9949.344,416.082031,0,0,0,0,0.0542350225,0,0,0,0,0,0.6896813,0,0,0,58.75,58,16376,6126,10249,62.58883,49.047,0,1149952
05/26/2026 01:36:40,79,49,0,76,47,76,76,76,76,87,12.12,5.03,1.30800009,1.396,1.052,0.358,0.578,3.28400016,2.046,0,3.36800027,3.36800027,3.11600018,68,52,53,51.5,1724,629,0,1094,591,0,0,0,0,0,52.31,12.31,4.62,7.69,6.15,61.54,3.08,4.62,19.04,61.54,41.9276543,4250,918,5050,2539,50.5,2.46432853,0.51875,5050,763,50.5,1.00609446,0.525,4040,266,40.4,0.4555348,0.51875,3367,224,33.6666679,0.375258863,0.525,4040,351,40.4,0.56335187,0.525,5050,2806,50.5,2.54775238,0.525,3367,200,33.6666679,0.3406309,0.525,4040,196,40.4,0.316054344,0.525,68.62501,61.7500038,99.99823,512,-1,485.785156,485.5,0.28515625,0.5,7618.451,7618.951,0,0,0,0,0,0,0,0,0,0,0,0,512,600,1200,3000,57,1.064,1.30500007,0,7,16,47,2670,10451.9824,1280,1276,36,36,8,1,0,5,17.353,19.905,0.975,9096.598,538.90625,0.2501246,0,0,0,1.70406079,0,0,0,0,0,3.75022674,0,0,0,58.3125,60,16376,6975,9400,57.4063225,49.443,499712,0
05/26/2026 01:36:42,80,49,0,78,47,78,78,78,78,89,12.0960007,5.03,1.30800009,1.396,1.05000007,0.352000028,0.578,3.28400016,2.046,0,3.364,3.36800027,3.11600018,72,51.5,53,51.5,1739,606,0,1096,577,0,0,0,0,0,49.23,20,7.81,3.12,14.06,67.69,4.69,1.56,21.02,67.69,43.7015533,3682,1132,4040,2507,40.4,2.48825383,0.525,3367,1509,33.6666679,1.98808408,0.525,3275,429,33.6666679,0.907433,0.525,3257,255,33.6666679,0.658527,0.525,3367,748,33.6666679,1.24345,0.525,4800,3356,48,2.94794917,0.65,3687,152,39.8,0.43042767,0.61875,3664,101,39.8,0.360608727,0.575,71.50001,60.3750038,99.99823,512,-1,485.785156,485.5,0.28515625,0.5,7618.451,7618.951,0,0,0,0,0,0,0,0,0,0,0,0,512,600,1200,3000,59,1.064,1.30500007,0,20,17,46,2670,10451.9824,1206,1196,34,34,17,6,0,2,23.191,24.901,0.975,9650.805,533.0664,4.179398,0,0,0,1.65511942,0,0,0,0,0,7.18000174,0,0,0,58.125,58,16376,6425,9950,60.7656364,49.457,1.14899968E+09,311399424
05/26/2026 01:36:44,81,49,0,80,47,80,80,80,80,90,12.0720005,5.03,1.30800009,1.39200008,1.01,0.354,0.578,3.28000021,2.046,0,3.364,3.36800027,3.11600018,69,51.5,53,51.5,1756,628,0,1135,591,0,0,0,0,0,36.92,15.38,10.77,3.03,9.23,44.62,3.03,0,15.37,44.62,41.96414,4296,1058,3980,1958,39.8,2.27927947,0.49375,4975,1319,49.75,1.85351,0.49375,4904,605,50.25,1.297925,0.51875,3856,431,40.4,1.08957052,0.51875,3976,835,40,1.520325,0.51875,5050,2675,50.5,2.54770637,0.525,3812,348,40.4,0.997271836,0.525,3817,289,40.4,0.9335969,0.525,68.62501,61.7500038,99.99823,512,-1,485.785156,485.5,0.28515625,0.5,7618.451,7618.951,0,0,0,0,0,0,0,0,0,0,0,0,512,600,1200,3000,58,1.05000007,1.30500007,0,7,16,60,2820,10451.9824,1143,1136,33,33,99,54,0,1,93.363,93.556,1.085,10834.2891,459.097656,94.78324,0,0,0,0.08079608,0,0,0,0,0,0.08413174,0,0,0,69.5625,64,16376,5241,11134,67.99234,214.684,224549888,102999040
05/26/2026 01:36:46,81,49,0,77,47,77,77,76,76,86,12.048,5.02000046,1.30800009,1.39200008,1.034,0.364000022,0.578,3.28400016,2.046,0,3.36800027,3.36800027,3.11600018,67,51.5,53,51.5,1756,627,0,1124,578,0,0,0,0,0,45.31,26.56,18.75,6.25,12.5,54.69,4.69,3.12,21.48,54.69,43.9618073,4483,1130,5050,2288,50.5,2.31492615,0.51875,5050,1242,50.5,1.88116658,0.525,4026,650,40.4,1.30934787,0.525,3968,508,40.4,1.11521149,0.525,5042,835,50.5,1.5565275,0.525,5050,2784,50.5,2.63100338,0.5125,3837,390,40.4,0.982404232,0.5125,3843,339,40.4,0.9341346,0.5125,66.50001,59.3750038,99.99823,512,-1,485.785156,485.5,0.28515625,0.5,7618.451,7618.951,0,0,0,0,0,0,0,0,0,0,0,0,512,600,1200,3000,58,1.06000006,1.30500007,0,9,16,61,2820,10451.9824,1109,1108,37,37,99,54,0,1,93.961,94.148,1.085,10834.2891,459.097656,94.7085953,0,0,0,0.0108822444,0,0,0,0,0,0,0,0,0,72.90625,64,16376,5241,11134,67.99234,267.531,4.102492E+08,7.584973E+07
05/26/2026 01:36:48,80,49,0,75,47,75,75,75,75,87,12.0960007,5.03,1.30800009,1.39200008,1.064,0.352000028,0.578,3.28000021,2.046,0,3.36800027,3.36800027,3.11200023,68,51.5,53,51.5,1741,605,0,1092,578,0,0,0,0,0,49.21,41.27,22.22,19.05,23.81,82.54,7.94,14.29,32.54,82.54,45.48483,4597,1493,5025,2661,50.25,2.84075546,0.50625,5025,1652,50.25,2.36576319,0.50625,5025,946,50.25,1.74988043,0.50625,4003,652,40.2,1.47680366,0.50625,5025,1270,50.25,1.976931,0.50625,5025,3917,50.25,4.45728445,0.51875,3843,471,40.2,1.27879131,0.51875,3804,377,40.2,1.18900526,0.51875,68.00001,67,99.99823,512,-1,485.785156,485.5,0.28515625,0.5,7618.451,7618.951,0,0,0,0,0,0,0,0,0,0,0,0,512,600,1200,3000,59,1.064,1.30500007,0,30,17,52,2835,10451.9824,1142,1138,38,38,40,30,0,0,46.959,49.994,1.09,10624.6719,416.097656,37.87538,0,0,0,0.398013175,0,0,0,0,0,0,0,0,0,61.34375,62,16376,5451,10924,66.71303,130.583,112849920,21699584
05/26/2026 01:36:50,81,49,0,78,47,78,78,78,78,89,12.0960007,5.03,1.31000006,1.396,1.06000006,0.36,0.578,3.292,2.046,0,3.37200022,3.36800027,3.11600018,69,51.5,53,51.5,1749,628,0,1090,592,0,0,0,0,0,78.12,28.12,9.38,7.81,15.62,34.38,3.12,1.56,22.27,78.12,45.84317,4423,1212,5050,3829,50.5,4.272962,0.525,5050,1293,50.5,1.95411837,0.50625,4975,611,49.75,1.41724408,0.53125,3862,391,39.8,1.17082036,0.5375,3980,854,39.8,1.62729526,0.5375,4975,2260,49.75,2.80524731,0.5375,3744,249,39.8,1.026541,0.5375,3747,209,39.8,0.9691015,0.5375,69.00001,58.0000038,99.99822,512,-1,485.785156,485.5,0.28515625,0.5,7618.451,7618.951,0,0,0,0,0,0,0,0,0,0,0,0,512,600,1200,3000,58,1.06000006,1.30500007,0,15,16,52,2835,10451.9824,1186,1184,37,37,46,34,0,0,48.046,53.471,1.09,10624.6719,416.164063,40.4171448,0,0,0,0.478378981,0,0,0,0,0,0.0122390166,0,0,0,61.0625,64,16376,5451,10924,66.71303,133.914,185049088,2.429952E+07
05/26/2026 01:36:52,82,49,0,78,47,78,78,78,78,89,12.0960007,5.03,1.31000006,1.396,1.062,0.358,0.578,3.28400016,2.046,0,3.36800027,3.36800027,3.11600018,68,51.5,53,51.5,1767,606,0,1127,576,0,0,0,0,0,73.02,19.05,14.29,9.38,14.29,47.62,4.69,0,22.79,73.02,45.2962074,4345,1187,5050,3791,50.5,4.135504,0.51875,5050,1156,50.5,1.83687139,0.51875,4015,607,40.4,1.36765409,0.51875,3905,422,40.4,1.1640842,0.51875,4040,914,40.4,1.62006319,0.51875,5050,2114,50.5,2.586172,0.525,3863,275,40.4,1.01750731,0.525,3790,217,40.4,0.944386661,0.525,68.75001,59.0000038,99.99823,512,-1,485.785156,485.5,0.28515625,0.5,7618.451,7618.951,0,0,0,0,0,0,0,0,0,0,0,0,512,600,1200,3000,58,1.064,1.30500007,0,8,16,52,2835,10451.9824,1206,1209,37,37,46,34,0,0,48.388,43.693,1.09,10624.6719,416.164063,40.2355423,0,0,0,0.477398574,0,0,0,0,0,0,0,0,0,61.0625,62,16376,5451,10924,66.71303,136.162,124749824,2.409984E+07
05/26/2026 01:36:54,81,49,0,76,47,76,76,77,77,88,12.0960007,5.04,1.31000006,1.396,1.062,0.352000028,0.578,3.288,2.046,0,3.37200022,3.36800027,3.11600018,69,52,53,51.5,1772,628,0,1103,590,0,0,0,0,0,46.88,35.94,7.81,12.5,26.56,84.38,4.69,1.56,27.54,84.38,46.39469,3786,1369,4040,2296,40.4,2.75836325,0.50625,4040,1592,40.4,2.26123285,0.50625,3900,810,39,1.54486811,0.56875,3209,530,32.5,1.32141447,0.56875,3900,1161,39,1.86435962,0.56875,4950,3889,49.5,4.429252,0.56875,3121,368,33,1.12060606,0.56875,3127,307,33,1.04140294,0.56875,69.62501,57.1250038,99.99824,512,-1,485.785156,485.5,0.28515625,0.5,7618.451,7618.951,0,0,0,0,0,0,0,0,0,0,0,0,512,600,1200,3000,58,1.05000007,1.30500007,0,19,16,52,2835,10451.9824,1209,1212,37,37,44,32,0,0,47.898,43.677,1.09,10624.6719,416.164063,38.12147,0,0,0,0.437847644,0,0,0,0,0,0,0,0,0,60.9375,62,16376,5451,10924,66.71303,128.177,109649920,48999424
05/26/2026 01:36:56,82,49,0,78,47,78,78,78,78,89,12.0960007,5.03,1.31000006,1.39200008,1.064,0.352000028,0.578,3.28400016,2.046,0,3.37200022,3.36800027,3.11600018,69,52,53,51.5,1783,606,0,1119,591,0,0,0,0,0,52.38,22.22,12.7,9.52,19.05,82.54,3.17,4.76,25.79,82.54,44.4500961,3834,1315,4040,2451,40.4,2.44300842,0.51875,4040,1337,40.4,1.99195564,0.51875,4028,697,40.4,1.43085551,0.51875,3242,439,33.6666679,1.21337533,0.51875,4040,916,40.4,1.64719379,0.51875,5050,4164,50.5,4.69613028,0.51875,3129,278,33.6666679,1.04020739,0.51875,3102,236,33.6666679,1.00184739,0.51875,69.37501,65.125,99.99823,512,-1,485.785156,485.5,0.28515625,0.5,7618.451,7618.951,0,0,0,0,0,0,0,0,0,0,0,0,512,600,1200,3000,57,1.064,1.30500007,0,13,16,52,2835,10451.9824,1208,1208,37,37,47,33,0,0,45.676,50.3,1.09,10624.6719,416.164063,39.65672,0,0,0,0.395599425,0,0,0,0,0,0,0,0,0,60.8125,62,16376,5451,10924,66.71303,134.337,182299648,4.934963E+07
05/26/2026 01:36:58,82,49,0,78,47,78,78,78,78,89,12.12,5.03,1.31000006,1.39200008,1.06000006,0.358,0.578,3.288,2.046,0,3.37200022,3.36800027,3.12000012,69,51.5,53,51.5,1793,628,0,1104,576,0,0,0,0,0,64.62,23.08,15.38,13.85,15.38,64.62,4.62,4.62,25.77,64.62,46.099617,4134,1354,5000,3283,50,3.28351,0.525,4000,1340,40,1.98955035,0.525,3978,663,40,1.44068134,0.525,3825,431,40,1.20588446,0.525,4949,906,50,1.64775229,0.525,5050,3712,50.5,4.055353,0.50625,3122,276,33.6666679,1.05449808,0.5125,3144,219,33.6666679,0.997107744,0.5125,69.50001,57.0000038,99.99823,512,-1,485.785156,485.5,0.28515625,0.5,7618.451,7618.951,0,0,0,0,0,0,0,0,0,0,0,0,512,600,1200,3000,58,1.069,1.30500007,0,18,16,52,2835,10451.9824,1204,1203,37,37,46,33,0,0,48.414,44.769,1.09,10624.6719,416.164063,40.3967247,0,0,0,0.400552928,0,0,0,0,0,0,0,0,0,60.8125,62,16376,5451,10924,66.71303,135.071,229999616,35149824
05/26/2026 01:37:00,82,49,0,78,47,78,78,78,78,89,12.0960007,5.03,1.31000006,1.396,1.062,0.362000018,0.578,3.28400016,2.046,0,3.37200022,3.36800027,3.11600018,69,52,53,51.5,1769,605,0,1105,592,0,0,0,0,0,78.12,31.25,20.31,6.25,20.31,53.12,1.56,3.12,26.76,78.12,45.6756821,3905,1363,5050,3890,50.5,4.2144165,0.51875,4040,1420,40.4,1.99728441,0.51875,3367,759,33.6666679,1.53118777,0.51875,3331,531,33.6666679,1.27247262,0.51875,4011,931,40.4,1.640489,0.51875,5050,2798,50.5,2.83199787,0.50625,3194,299,33.6666679,1.06873739,0.50625,3196,279,33.6666679,1.01809955,0.50625,69.00001,62.2500038,99.99823,512,-1,485.785156,485.5,0.28515625,0.5,7618.451,7618.951,0,0,0,0,0,0,0,0,0,0,0,0,512,600,1200,3000,58,1.06000006,1.30500007,0,28,17,52,2835,10451.9824,1199,1199,37,37,46,32,0,0,47.612,48.281,1.09,10624.6719,416.164063,40.460762,0,0,0,0.402724445,0,0,0,0,0,0,0,0,0,60.78125,62,16376,5451,10924,66.71303,136.925,157349888,3.549901E+07
05/26/2026 01:37:02,82,49,0,76,47,76,76,76,76,87,12.0960007,5.03,1.31000006,1.396,1.064,0.354,0.580000043,3.28400016,2.046,0,3.37200022,3.36800027,3.11600018,68,52,53,51.5,1783,605,0,1104,576,0,0,0,0,0,78.12,31.25,17.19,9.38,14.06,54.69,6.25,4.69,26.95,78.12,46.1795158,3984,1192,5050,3946,50.5,4.26633739,0.525,4040,1170,40.4,1.786557,0.525,3849,482,40.4,1.25414789,0.51875,3804,346,40.4,1.08532691,0.51875,3859,683,40.4,1.44736147,0.51875,5050,2560,50.5,2.5392766,0.51875,3121,195,33.6666679,0.943213165,0.51875,3095,154,33.6666679,0.899682939,0.51875,68.87501,58.5000038,99.99823,512,-1,485.785156,485.5,0.28515625,0.5,7618.451,7618.951,0,0,0,0,0,0,0,0,0,0,0,0,512,600,1200,3000,58,1.05500007,1.30500007,0,17,17,52,2835,10451.9824,1192,1192,37,37,46,32,0,0,47.519,48.819,1.09,10624.6758,416.394531,40.415844,0,0,0,0.398960054,0,0,0,0,0,0,0,0,0,60.71875,62,16376,5451,10924,66.71303,136.779,155449344,3.609907E+07
05/26/2026 01:37:04,81,49,0,76,47,76,76,77,77,88,12.0960007,5.03,1.31000006,1.39200008,1.06000006,0.352000028,0.578,3.28400016,2.046,0,3.36800027,3.36800027,3.12000012,68,51.5,53,51.5,1739,628,0,1085,591,0,0,0,0,0,50,25,4.69,7.81,12.5,71.88,0,0,21.48,71.88,44.9287453,3836,1188,4040,2470,40.4,2.261307,0.50625,4040,1263,40.4,1.849633,0.50625,3803,482,40.4,1.24572349,0.50625,3148,347,33.6666679,1.08217537,0.50625,3881,792,40.4,1.49726284,0.50625,5050,3848,50.5,4.37356329,0.53125,3665,171,40.2,0.908955753,0.51875,3062,132,33.6666679,0.8796336,0.51875,68.75001,60.8750038,99.99823,512,-1,485.785156,485.5,0.28515625,0.5,7618.451,7618.951,0,0,0,0,0,0,0,0,0,0,0,0,512,600,1200,3000,58,1.06000006,1.30500007,0,18,17,52,2835,10451.9824,1189,1188,36,36,46,33,0,0,47.406,44.598,1.09,10624.6758,416.394531,40.44817,0,0,0,0.3984555,0,0,0,0,0,0,0,0,0,60.625,62,16376,5451,10924,66.71303,135.091,156399616,35349504
05/26/2026 01:37:06,80,49,0,76,47,76,76,76,76,88,12.0960007,5.03,1.30800009,1.39200008,1.05800009,0.350000024,0.580000043,3.28400016,2.046,0,3.37200022,3.36800027,3.11600018,70,51.5,53,51.5,1734,605,0,1081,591,0,0,0,0,0,78.12,17.19,10.94,7.81,15.62,48.44,3.12,3.12,23.05,78.12,44.0734,3737,1171,5050,3628,50.5,3.144789,0.55,3367,1102,33.6666679,1.43530822,0.55,3367,495,33.6666679,0.848805964,0.55,3367,326,33.6666679,0.6454741,0.55,3367,726,33.6666679,1.088008,0.55,5050,2743,50.5,2.93684244,0.525,3146,205,33.6666679,0.500695467,0.525,3179,146,33.6666679,0.417216629,0.525,69.75001,56.6250038,99.99822,512,-1,485.785156,485.5,0.28515625,0.5,7618.451,7618.951,0,0,0,0,0,0,0,0,0,0,0,0,512,600,1200,3000,58,1.069,1.30500007,0,27,17,48,2850,10451.9824,1186,1184,36,36,0,0,0,0,21.724,22.688,1.09,10246.1719,415.921875,7.72916269,0,0,0,0.07935468,0,0,0,0,0,1.11333025,0,0,0,58.875,60,16376,5829,10546,64.40248,91.641,0,0
05/26/2026 01:37:08,81,49,0,78,47,78,78,78,78,88,12.0960007,5.03,1.31000006,1.39200008,1.06000006,0.364000022,0.580000043,3.28400016,2.046,0,3.36800027,3.36800027,3.11600018,68,52,53,51.5,1762,629,0,1102,576,0,0,0,0,0,63.08,27.69,10.77,10.77,15.38,61.54,4.62,7.69,25.19,63.08,43.5955048,4278,1219,5050,2889,50.5,2.4092176,0.525,5050,1286,50.5,1.35027826,0.51875,5050,582,50.5,0.7774036,0.525,3350,440,33.5,0.6019416,0.51875,4020,883,40.2,0.997046649,0.51875,5025,2840,50.25,2.48882,0.53125,3330,280,33.5,0.456091881,0.53125,3350,553,33.5,0.728514254,0.53125,68.37501,58.0000038,99.99822,512,-1,485.785156,485.5,0.28515625,0.5,7618.451,7618.951,0,0,0,0,0,0,0,0,0,0,0,0,512,600,1200,3000,57,1.05500007,1.30500007,0,6,17,46,2670,10451.9824,1180,1180,36,36,10,2,0,5,17.521,21.664,0.975,8771.184,565.1719,0.9049347,0,0,0,1.36598885,0,0,0,0,0,3.19521427,0,0,0,57.71875,58,16376,7303,9072,55.40182,51.43,9.746145E+08,0
05/26/2026 01:37:10,81,49,0,79,47,79,79,79,79,90,12.0960007,5.03,1.30800009,1.39200008,1.07600009,0.37,0.578,3.28400016,2.046,0,3.37200022,3.36800027,3.11600018,75,51.5,53,51.5,1739,606,0,1106,591,0,0,0,0,0,67.69,12.31,6.15,3.08,3.08,44.62,1.54,7.81,18.28,67.69,43.2797,3784,968,4040,3250,40.4,3.76251388,0.525,3998,627,40.4,0.971935332,0.525,4040,490,40.4,0.730554044,0.525,3977,352,40.4,0.673627853,0.525,4404,310,50,0.651392,0.53125,3333,2286,33.3333321,3.02755642,0.5125,3181,157,33,0.4736996,0.5125,3300,268,33,0.3835979,0.525,76.12501,55.6250038,99.99824,512,-1,485.785156,485.5,0.28515625,0.5,7618.451,7618.951,0,0,0,0,0,0,0,0,0,0,0,0,512,600,1200,3000,57,1.064,1.30500007,0,9,16,46,2670,10451.9824,1163,1162,33,33,0,1,0,0,16.42,17.323,0.975,9127.746,598.5469,0,0,0,0,0,0,0,0,0,0,5.31524658,0,0,0,57.09375,58,16376,6948,9427,57.568,48.664,0,49152
05/26/2026 01:37:12,82,49,0,83,47,83,83,83,83,92,12.0960007,5.03,1.31000006,1.39200008,1.006,0.358,0.580000043,3.28400016,2.046,0,3.36800027,3.36800027,3.11600018,73,51.5,53,51.5,1772,628,0,1121,578,0,0,0,0,0,43.86,28.07,10.53,7.02,15.79,64.91,7.02,3.51,22.59,64.91,43.5069733,4214,1164,4850,1959,48.5,1.97303629,0.63125,4850,1280,48.5,1.690557,0.63125,4850,679,48.5,1.04367912,0.63125,3233,546,32.3333321,0.9105673,0.63125,4850,787,48.5,1.17530119,0.63125,4850,3383,48.5,3.30149841,0.63125,3125,373,32.3333321,0.7588775,0.63125,3101,301,32.3333321,0.699943841,0.63125,72.75001,56.1250038,99.99822,512,-1,485.785156,485.5,0.28515625,0.5,7618.451,7618.951,0,0,0,0,0,0,0,0,0,0,0,0,512,600,1200,3000,58,1.05500007,1.30500007,0,12,17,46,2835,10451.9824,1120,1123,32,32,43,29,0,1,67.246,72.467,1.085,10556.918,416.3828,29.2391529,0,0,0,1.96087229,0,0,0,0,0,3.621746,0,0,0,58.4375,62,16376,5518,10857,66.29967,69.467,3.549993E+08,124549120
05/26/2026 01:37:14,83,49,0,82,47,82,82,82,82,89,12.0720005,5.03,1.31000006,1.39200008,0.998,0.346000016,0.580000043,3.28400016,2.046,0,3.36800027,3.36800027,3.11600018,69,51.5,53,51.5,1804,604,0,1179,578,0,0,0,0,0,31.75,11.11,12.5,9.38,9.52,34.92,7.81,4.69,15.21,34.92,40.2529526,3695,840,5050,1592,50.5,1.89258039,0.55625,4040,932,40.4,1.46653354,0.55625,3358,568,33.6666679,1.17821169,0.55625,3331,527,33.6666679,1.135078,0.55625,3367,625,33.6666679,1.22703481,0.55625,4040,1832,40.4,2.041364,0.55625,3238,324,33.6666679,0.9437006,0.55625,3139,318,32.3333321,0.9357341,0.55625,68.87501,55.6250038,99.99822,512,-1,485.785156,485.5,0.28515625,0.5,7618.451,7618.951,0,0,0,0,0,0,0,0,0,0,0,0,512,600,1200,3000,57,0.979000032,1.30500007,0,8,16,54,2835,10451.9824,1078,1082,32,32,79,59,0,1,72.275,74.871,1.09,10556.918,417.0703,73.6784439,0,0,0,0.0269092452,0,0,0,0,0,0,0,0,0,62.1875,64,16376,5518,10857,66.29967,203.159,917049344,1.268992E+08
05/26/2026 01:37:16,82,49,0,78,47,78,78,78,78,85,12.0960007,5.03,1.31000006,1.39200008,1,0.350000024,0.580000043,3.28400016,2.046,0,3.36800027,3.36800027,3.11600018,66,51.5,53,51.5,1769,627,0,1162,593,0,0,0,0,0,26.56,12.5,12.5,9.38,7.81,21.88,7.81,3.12,12.7,26.56,41.9605141,4112,838,4040,1648,40.4,1.892493,0.54375,4040,964,40.4,1.50961792,0.54375,3985,526,40.4,1.14962459,0.54375,4997,499,50.5,1.11081207,0.54375,4040,624,40.4,1.23597586,0.54375,4020,1821,40.2,2.04854584,0.54375,3878,309,40.2,0.933930337,0.54375,3895,312,40.2,0.9311884,0.54375,67.37501,55.6250038,99.99823,512,-1,485.785156,485.5,0.28515625,0.5,7618.451,7618.951,0,0,0,0,0,0,0,0,0,0,0,0,512,600,1200,3000,57,0.979000032,1.30500007,0,7,16,54,2835,10451.9824,1052,1055,32,32,77,57,0,1,69.54,71.997,1.09,10556.918,417.0703,71.54457,0,0,0,0.04849094,0,0,0,0,0,0,0,0,0,62.53125,64,16376,5518,10857,66.29967,196.567,6.150492E+08,185549824
05/26/2026 01:37:18,80,49,0,74,47,74,74,74,74,82,12.0720005,5.03,1.30800009,1.39200008,1.01,0.352000028,0.580000043,3.28400016,2.046,0,3.37200022,3.36800027,3.11600018,64,51.5,53,51.5,1749,604,0,1116,592,0,0,0,0,0,39.06,28.12,12.5,18.75,12.5,35.94,10.94,7.81,20.7,39.06,41.723484,4177,1001,3980,1824,39.8,2.12718081,0.51875,3980,1265,39.8,1.78822553,0.51875,3943,692,39.8,1.35004449,0.51875,3936,615,39.8,1.26879144,0.51875,3980,830,39.8,1.46207952,0.51875,4975,1992,49.75,2.283849,0.51875,3816,400,39.8,1.04971623,0.51875,4804,390,49.75,1.03987944,0.51875,64.00001,55.1250038,99.99823,512,-1,485.785156,485.5,0.28515625,0.5,7618.451,7618.951,0,0,0,0,0,0,0,0,0,0,0,0,512,600,1200,3000,57,1.06000006,1.30500007,0,9,16,55,2835,10451.9824,1043,1045,32,32,76,57,0,1,68.727,66.623,1.09,10556.9141,416.839844,70.967865,0,0,0,0.0348512828,0,0,0,0,0,0,0,0,0,63.4375,64,16376,5518,10857,66.29967,194.81,1.0397E+09,125899776
05/26/2026 01:37:20,80,49,0,70,47,70,70,70,70,80,12.0720005,5.03,1.30800009,1.39200008,1.014,0.356,0.580000043,3.28400016,2.046,0,3.36800027,3.364,3.11600018,62,51.5,53,51.5,1744,627,0,1090,578,0,0,0,0,0,40.62,20.31,9.38,7.81,9.38,23.44,6.25,12.5,16.21,40.62,41.8049,3588,877,4850,1810,48.5,2.16721272,0.5375,4850,1020,48.5,1.60372162,0.5375,3189,517,32.3333321,1.1636461,0.5375,3157,424,32.3333321,1.07595,0.5375,3233,661,32.3333321,1.30866063,0.5375,3233,1970,32.3333321,2.25944543,0.5375,3098,291,32.3333321,0.9527821,0.5375,3095,322,32.3333321,0.9703399,0.5375,62.6250076,55.1250038,99.99823,512,-1,485.785156,485.5,0.28515625,0.5,7618.451,7618.951,0,0,0,0,0,0,0,0,0,0,0,0,512,600,1200,3000,57,1.069,1.30500007,0,16,17,55,2835,10451.9824,1043,1042,32,32,80,60,0,1,77.769,73.652,1.09,10588.793,416.9336,73.63103,0,0,0,0.09098581,0,0,0,0,0,0.0812948346,0,0,0,64.40625,66,16376,5486,10889,66.4943161,198.268,7.250995E+08,131499008
05/26/2026 01:37:22,78,49,0,66,47,66,66,66,66,78,12.0720005,5.03,1.31000006,1.396,1.008,0.34800002,0.580000043,3.28400016,2.046,0,3.37200022,3.36800027,3.11600018,61,51.5,53,51.5,1709,628,0,1035,591,0,0,0,0,0,33.85,16.92,9.23,10.77,15.38,23.08,4.62,7.69,15.19,33.85,40.4679,4192,860,4000,1695,40,1.95245075,0.6125,5000,1115,50,1.62170315,0.6125,3976,565,40,1.17907429,0.6125,4873,496,49.5,1.11325109,0.5625,3960,619,39.6,1.24766266,0.5625,4020,1722,40.2,1.95784533,0.55,3848,342,40.2,0.9757676,0.55,3860,330,40.2,0.95873946,0.55,61.7500076,55.1250038,99.99823,512,-1,485.785156,485.5,0.28515625,0.5,7618.451,7618.951,0,0,0,0,0,0,0,0,0,0,0,0,512,600,1200,3000,56,0.979000032,1.30500007,0,7,16,57,2835,10451.9824,1044,1043,32,32,86,64,0,1,78.061,72.766,1.09,10588.793,417.027344,79.7523346,0,0,0,0.0279942434,0,0,0,0,0,0,0,0,0,65.84375,66,16376,5486,10889,66.4943161,224.072,750449664,133449728
05/26/2026 01:37:24,77,49,0,62,47,63,63,63,63,78,12.0720005,5.03,1.30800009,1.39200008,1.01200008,0.350000024,0.580000043,3.28400016,2.046,0,3.36800027,3.36800027,3.11600018,61,51.5,53,51.5,1685,605,0,988,576,0,0,0,0,0,50,21.88,12.5,3.12,12.5,28.12,3.12,6.25,17.19,50,42.3963737,4086,1048,4000,2140,40,2.337811,0.55625,4000,1346,40,1.87270486,0.55625,4000,744,40,1.4210459,0.55625,3951,562,40,1.22796285,0.55625,4000,934,40,1.57531822,0.55625,5025,1885,50.25,2.20961452,0.5125,3858,423,40.2,1.09679508,0.5125,3856,352,40.2,1.02896738,0.5125,61.2500076,55.1250038,99.99823,512,-1,485.785156,485.5,0.28515625,0.5,7618.451,7618.951,0,0,0,0,0,0,0,0,0,0,0,0,512,600,1200,3000,57,0.989,1.30500007,0,5,17,57,2835,10451.9824,1048,1044,32,32,85,63,0,1,77.42,72.6,1.09,10588.793,417.027344,79.6969147,0,0,0,0.0290115587,0,0,0,0,0,0,0,0,0,66.59375,68,16376,5486,10889,66.4943161,223.368,760999936,134349824
05/26/2026 01:37:26,76,49,0,60,47,63,63,63,63,78,12.0720005,5.03,1.30800009,1.39200008,1.02200007,0.352000028,0.580000043,3.28000021,2.046,0,3.36800027,3.36800027,3.11600018,61,51.5,53,51.5,1671,628,0,935,591,0,0,0,0,0,39.06,25,17.19,9.38,12.5,18.75,10.94,9.38,17.77,39.06,41.1352272,4762,923,4850,1981,48.5,2.28870487,0.6375,4850,1120,48.5,1.68483126,0.6375,4743,530,48.5,1.20651519,0.6375,4683,428,48.5,1.09692574,0.6375,4850,719,48.5,1.39175618,0.6375,4850,1990,48.5,2.26466823,0.6375,4634,319,48.5,0.991586268,0.6375,4632,296,48.5,0.9677908,0.6375,61.0000076,55.1250038,99.99823,512,-1,485.785156,485.5,0.28515625,0.5,7618.451,7618.951,0,0,0,0,0,0,0,0,0,0,0,0,512,600,1200,3000,57,1.069,1.30500007,0,12,16,57,2835,10451.9824,1049,1048,32,32,83,59,0,2,73.798,69.036,1.09,10588.793,417.027344,78.499054,0,0,0,0.151805,0,0,0,0,0,0,0,0,0,66.5625,66,16376,5486,10889,66.4943161,220.219,5.981993E+08,188149760
05/26/2026 01:37:28,75,49,0,58,47,61,61,61,61,76,12.0720005,5.03,1.31000006,1.39200008,1.01200008,0.358,0.580000043,3.27600026,2.046,0,3.36800027,3.36800027,3.11600018,60,51.5,53,51.5,1641,606,0,937,591,0,0,0,0,0,31.75,23.44,10.94,6.25,14.06,39.68,3.12,9.38,17.33,39.68,41.5278244,4090,894,4040,1908,40.4,2.15860724,0.55,5050,1084,50.5,1.617804,0.55,3935,516,40.4,1.16348863,0.55,3912,446,40.4,1.09131229,0.55,4040,707,40.4,1.34851122,0.55,4040,1842,40.4,2.11420059,0.55,3850,332,40.4,0.9907151,0.55,3855,318,40.4,0.9709461,0.55,60.7500076,55.1250038,99.99823,512,-1,485.785156,485.5,0.28515625,0.5,7618.451,7618.951,0,0,0,0,0,0,0,0,0,0,0,0,512,600,1200,3000,57,0.979000032,1.30500007,0,7,16,58,2835,10451.9824,1054,1051,32,32,82,59,0,1,73.882,69.309,1.09,10588.793,417.027344,76.25971,0,0,0,0.06481125,0,0,0,0,0,0,0,0,0,66.125,68,16376,5486,10889,66.4943161,213.82,9.148498E+08,1.389998E+08
05/26/2026 01:37:30,74,49,0,58,47,61,61,61,61,76,12.0720005,5.03,1.30800009,1.39200008,1.016,0.352000028,0.580000043,3.28400016,2.046,0,3.36800027,3.36800027,3.11600018,60,51.5,53,51.5,1630,628,0,896,576,0,0,0,0,0,39.06,26.56,9.38,4.76,20.31,34.38,4.76,6.35,18.2,39.06,40.83436,4130,1042,4040,2066,40.4,2.378377,0.54375,5050,1359,50.5,1.92219269,0.54375,4040,692,40.4,1.366969,0.54375,4040,594,40.4,1.2612164,0.54375,4040,874,40.4,1.53814936,0.54375,4040,1981,40.4,2.27452517,0.54375,3890,396,40.4,1.08128619,0.54375,3897,377,40.4,1.04909277,0.54375,60.5000076,54.6250038,99.99823,512,-1,485.785156,485.5,0.28515625,0.5,7618.451,7618.951,0,0,0,0,0,0,0,0,0,0,0,0,512,600,1200,3000,56,0.940000057,1.30500007,0,5,16,58,2835,10451.9824,1057,1057,32,32,84,61,0,1,77.495,81.607,1.09,10588.793,417.027344,76.2966156,0,0,0,0.0527260378,0,0,0,0,0,0,0,0,0,68.0625,68,16376,5486,10889,66.4943161,215.221,6.438994E+08,147299328
05/26/2026 01:37:32,73,49,0,58,47,61,61,61,61,76,12.0720005,5.02000046,1.30800009,1.39200008,1.016,0.356,0.580000043,3.28400016,2.046,0,3.36800027,3.364,3.11600018,60,51.5,53,51.5,1600,606,0,887,591,0,0,0,0,0,39.06,23.44,9.38,9.38,10.94,28.12,4.69,9.38,16.8,39.06,40.8147469,4112,891,4040,1878,40.4,2.18843961,0.50625,4040,1093,40.4,1.66087294,0.50625,3972,538,40.4,1.18135273,0.50625,3941,453,40.4,1.094357,0.50625,5050,684,50.5,1.32229221,0.50625,4040,1846,40.4,2.15961361,0.50625,3899,332,40.4,0.9852833,0.50625,3915,304,40.4,0.9592409,0.50625,60.6250076,55.1250038,99.99823,512,-1,485.785156,485.5,0.28515625,0.5,7618.451,7618.951,0,0,0,0,0,0,0,0,0,0,0,0,512,600,1200,3000,57,0.979000032,1.30500007,0,9,16,58,2835,10451.9824,1063,1064,33,33,85,61,0,1,76.268,75.034,1.09,10588.793,417.027344,78.9998,0,0,0,0.0374472775,0,0,0,0,0,0,0,0,0,67.84375,68,16376,5486,10889,66.4943161,221.31,5.8385E+08,1.771991E+08
05/26/2026 01:37:34,72,49,0,60,47,64,64,64,64,79,12.0720005,5.03,1.31000006,1.39200008,1.018,0.350000024,0.580000043,3.28400016,2.046,0,3.37200022,3.36800027,3.11600018,63,51.5,53,51.5,1597,606,0,886,577,0,0,0,0,0,54.69,40.62,6.25,10.94,20.31,57.81,4.69,4.69,25,57.81,42.7529449,4137,1110,4040,1961,40.4,2.2795434,0.51875,4040,1343,40.4,1.89426565,0.51875,3989,688,40.4,1.35599852,0.51875,3975,598,40.4,1.26244128,0.51875,4040,873,40.4,1.53446317,0.51875,5050,2418,50.5,2.59664464,0.5375,3925,458,40.4,1.11458027,0.525,4040,538,40.4,1.19603348,0.525,63.1250076,58.0000038,99.99823,512,-1,485.785156,485.5,0.28515625,0.5,7618.451,7618.951,0,0,0,0,0,0,0,0,0,0,0,0,512,600,1200,3000,56,0.995000064,1.30500007,0,21,17,58,2835,10451.9824,1070,1073,33,33,81,59,0,1,73.343,57.534,1.09,10588.793,417.027344,71.41732,0,0,0,0.015816709,0,0,0,0,0,0,0,0,0,64.59375,68,16376,5486,10889,66.4943161,206.68,8.82049E+08,172999680
05/26/2026 01:37:36,71,49,0,63,47,65,65,65,65,79,12.0720005,5.03,1.31000006,1.39200008,1.00400007,0.34800002,0.580000043,3.28400016,2.046,0,3.36800027,3.36800027,3.11600018,61,51.5,53,51.5,1595,628,0,930,576,0,0,0,0,0,53.85,27.69,13.85,12.31,15.38,46.15,7.69,10.77,23.46,53.85,41.0373154,4393,1020,5050,1924,50.5,2.196333,0.53125,5050,1237,50.5,1.767787,0.54375,4040,775,40.4,1.41394317,0.54375,5050,565,50.5,1.20224988,0.54375,4040,870,40.4,1.49727118,0.54375,4040,1938,40.4,2.21695757,0.54375,3947,460,40.4,1.10556769,0.54375,3925,389,40.4,1.03591716,0.54375,61.8750076,55.1250038,99.99824,512,-1,485.785156,485.5,0.28515625,0.5,7618.451,7618.951,0,0,0,0,0,0,0,0,0,0,0,0,512,600,1200,3000,57,1.09,1.30500007,0,8,16,58,2835,10451.9824,1077,1078,33,33,82,60,0,1,74.859,74.825,1.09,10588.77,412.9336,74.97202,0,0,0,0.03184922,0,0,0,0,0,0,0,0,0,67.40625,68,16376,5486,10889,66.4943161,213.165,7.0865E+08,220899328
05/26/2026 01:37:38,70,49,0,60,47,63,63,63,63,78,12.0960007,5.03,1.31000006,1.39200008,1.014,0.350000024,0.580000043,3.28400016,2.046,0,3.36800027,3.36800027,3.11600018,61,51.5,53,51.5,1574,606,0,935,592,0,0,0,0,0,52.38,12.7,6.35,7.81,11.11,26.98,6.25,4.69,16.03,52.38,40.48837,4373,850,4850,1719,48.5,1.98418438,0.6125,4850,995,48.5,1.51066291,0.6125,4850,556,48.5,1.16538632,0.6125,5000,521,50,1.12220693,0.63125,4000,656,40,1.24875748,0.63125,4950,1699,49.5,2.0018537,0.5625,3252,333,33,0.9547472,0.5625,3230,320,33,0.9472378,0.5625,61.3750076,54.6250038,99.99823,512,-1,485.785156,485.5,0.28515625,0.5,7618.451,7618.951,0,0,0,0,0,0,0,0,0,0,0,0,512,600,1200,3000,57,0.979000032,1.30500007,0,7,16,58,2835,10451.9824,1086,1083,33,33,80,60,0,1,72.114,70.713,1.09,10588.77,412.9336,73.88953,0,0,0,0.0284890737,0,0,0,0,0,0,0,0,0,65.90625,68,16376,5486,10889,66.4943161,206.143,7.372493E+08,125149184
05/26/2026 01:37:40,69,49,0,60,47,62,62,62,62,77,12.0720005,5.03,1.30800009,1.39200008,1.01200008,0.352000028,0.580000043,3.28400016,2.046,0,3.36800027,3.36800027,3.11600018,60,51.5,53,51.5,1536,628,0,935,592,0,0,0,0,0,39.06,17.19,13.85,9.23,15.62,40.62,7.69,6.15,18.68,40.62,40.0489464,4221,845,4000,1657,40,1.95068824,0.51875,4000,994,40,1.53475416,0.51875,4000,558,40,1.1634618,0.51875,3988,450,40,1.05951655,0.51875,4000,672,40,1.26194525,0.51875,5000,1812,50,2.112442,0.51875,3917,323,40,0.9590192,0.51875,4865,292,50,0.918113649,0.51875,60.7500076,55.1250038,99.99823,512,-1,485.785156,485.5,0.28515625,0.5,7618.451,7618.951,0,0,0,0,0,0,0,0,0,0,0,0,512,600,1200,3000,57,0.979000032,1.30500007,0,6,16,58,2835,10451.9824,1090,1090,33,33,80,59,0,1,71.739,72.943,1.09,10588.77,412.9336,73.31621,0,0,0,0.0301963463,0,0,0,0,0,0,0,0,0,67.84375,70,16376,5486,10889,66.4943161,205.844,881499136,172649472
05/26/2026 01:37:42,68,49,0,58,47,61,61,61,61,76,12.0720005,5.02000046,1.30800009,1.39200008,1.014,0.358,0.580000043,3.28400016,2.046,0,3.364,3.364,3.11200023,60,51.5,53,51.5,1507,606,0,896,578,0,0,0,0,0,38.46,16.92,15.38,12.5,10.77,29.23,9.38,6.25,17.36,38.46,41.78663,3884,1053,5050,2063,50.5,2.37709761,0.5375,4040,1254,40.4,1.83422625,0.5375,4040,728,40.4,1.39598763,0.5375,3367,567,33.6666679,1.24434161,0.5375,4040,941,40.4,1.56887639,0.55,4040,2080,40.4,2.445369,0.55,3241,417,33.6666679,1.084223,0.55,3250,375,33.6666679,1.04658782,0.55,60.7500076,55.1250038,99.9982452,512,-1,485.785156,485.5,0.28515625,0.5,7618.451,7618.951,0,0,0,0,0,0,0,0,0,0,0,0,512,600,1200,3000,57,0.969000041,1.30500007,0,7,16,58,2835,10451.9824,1095,1097,34,34,81,61,0,1,75.251,77.339,1.09,10588.77,412.9336,74.6638947,0,0,0,0.0359184,0,0,0,0,0,0,0,0,0,68.5625,70,16376,5486,10889,66.4943161,206.319,7.114998E+08,2.25749E+08
05/26/2026 01:37:44,67,49,0,58,47,61,61,61,61,76,12.0720005,5.03,1.30800009,1.39200008,1.01,0.36,0.580000043,3.28400016,2.046,0,3.36800027,3.36800027,3.11600018,60,51.5,53,51.5,1509,629,0,886,593,0,0,0,0,0,38.1,14.29,4.69,4.69,9.52,31.75,3.12,4.69,13.85,38.1,40.262352,4177,861,3940,1820,39.4,2.1449666,0.55625,4925,1056,49.25,1.62044883,0.55625,3940,551,39.4,1.19186652,0.55625,3940,414,39.4,1.04688144,0.55625,3980,689,39.8,1.30812049,0.54375,4975,1739,49.75,2.082882,0.54375,3879,316,39.8,0.970276654,0.54375,3839,301,39.8,0.937604845,0.54375,60.6250076,62.2500038,99.99823,512,-1,485.785156,485.5,0.28515625,0.5,7618.451,7618.951,0,0,0,0,0,0,0,0,0,0,0,0,512,600,1200,3000,56,0.989,1.30500007,0,18,17,59,2835,10451.9824,1099,1102,34,34,84,64,0,1,78.408,78.743,1.09,10588.77,412.9336,78.16567,0,0,0,0.0430668928,0,0,0,0,0,0,0,0,0,69.65625,70,16376,5486,10889,66.4943161,218.312,7.34549E+08,233949184
05/26/2026 01:37:46,67,49,0,58,47,62,62,62,62,76,12.0720005,5.03,1.30800009,1.39200008,1.014,0.350000024,0.580000043,3.288,2.046,0,3.36800027,3.36800027,3.11600018,60,51.5,53,51.5,1494,629,0,905,580,0,0,0,0,0,28.12,15.62,6.25,1.56,6.25,21.88,1.56,0,10.16,28.12,43.393486,4012,898,4850,2087,48.5,2.39987445,0.63125,4850,1070,48.5,1.68543482,0.63125,3233,544,32.3333321,1.19613957,0.63125,3224,426,32.3333321,1.08406568,0.63125,4850,673,48.5,1.33905637,0.63125,4850,1743,48.5,2.13641238,0.63125,3129,339,32.3333321,0.9993305,0.63125,3108,304,32.3333321,0.966334343,0.63125,61.0000076,55.6250038,99.99823,512,-1,485.785156,485.5,0.28515625,0.5,7618.451,7618.951,0,0,0,0,0,0,0,0,0,0,0,0,512,600,1200,3000,57,0.979000032,1.30500007,0,12,17,58,2835,10451.9824,1110,1108,35,35,80,58,0,1,74.106,75.862,1.09,10588.77,412.9336,73.401,0,0,0,0.05539804,0,0,0,0,0,0,0,0,0,67.59375,70,16376,5486,10889,66.4943161,204.338,9.036493E+08,1.334999E+08
05/26/2026 01:37:48,67,49,0,58,47,61,61,61,61,76,12.0960007,5.03,1.31000006,1.39200008,1.0200001,0.358,0.580000043,3.288,2.046,0,3.36800027,3.36800027,3.11600018,60,51.5,53,51.5,1500,606,0,910,579,0,0,0,0,0,41.27,22.22,11.11,3.17,11.11,33.33,3.17,4.76,16.27,41.27,42.8360023,4140,1080,4040,2222,40.4,2.55019975,0.5125,4040,1384,40.4,1.95637977,0.5125,4040,730,40.4,1.41535985,0.5125,4040,572,40.4,1.270639,0.5125,4040,948,40.4,1.590462,0.5125,5050,1977,50.5,2.3604238,0.5125,3933,419,40.4,1.12327051,0.5125,3939,386,40.4,1.06712389,0.5125,60.7500076,55.6250038,99.99822,512,-1,485.785156,485.5,0.28515625,0.5,7618.451,7618.951,0,0,0,0,0,0,0,0,0,0,0,0,512,600,1200,3000,57,0.979000032,1.30500007,0,10,17,58,2835,10451.9824,1127,1120,36,36,78,58,0,1,71.17,70.225,1.09,10588.77,412.9336,74.14668,0,0,0,0.07577407,0,0,0,0,0,0,0,0,0,67.75,70,16376,5486,10889,66.4943161,211.787,909749248,178249728
05/26/2026 01:37:50,68,49,0,58,47,61,61,61,61,76,12.0960007,5.03,1.30800009,1.39200008,1.01200008,0.354,0.580000043,3.28400016,2.046,0,3.36800027,3.36800027,3.11600018,60,51.5,53,51.5,1500,629,0,897,579,0,0,0,0,0,43.75,14.06,9.23,4.62,6.15,20.31,1.54,1.54,12.65,43.75,41.8171234,3812,845,4850,1852,48.5,2.12735915,0.55625,4850,1024,48.5,1.59374213,0.55625,3233,535,32.3333321,1.1656791,0.55625,3233,429,32.3333321,1.07094491,0.55625,3233,641,32.3333321,1.27916884,0.55625,4850,1664,48.5,2.05563,0.55625,3133,324,32.3333321,0.9641705,0.55625,3112,294,32.3333321,0.9302976,0.55625,60.7500076,55.1250038,99.99823,512,-1,485.785156,485.5,0.28515625,0.5,7618.451,7618.951,0,0,0,0,0,0,0,0,0,0,0,0,512,600,1200,3000,57,0.979000032,1.30500007,0,7,17,58,2835,10451.9824,1145,1142,36,36,75,56,0,1,68.256,67.207,1.09,10588.77,413.042969,70.42312,0,0,0,0.0366443843,0,0,0,0,0,0.009322348,0,0,0,66.46875,70,16376,5486,10889,66.4943161,196.874,6.844498E+08,162499584
05/26/2026 01:37:52,67,49,0,58,47,61,61,61,61,76,12.0720005,5.03,1.30800009,1.39200008,1.018,0.34800002,0.580000043,3.28400016,2.046,0,3.36800027,3.36800027,3.11600018,60,51,53,51.5,1494,606,0,899,592,0,0,0,0,0,26.98,9.52,4.76,12.7,10.94,26.98,1.59,3.17,12.08,26.98,44.1656952,4813,861,4850,1954,48.5,2.27873421,0.51875,4850,1028,48.5,1.62823808,0.51875,4850,552,48.5,1.185633,0.51875,4833,404,48.5,1.05498493,0.51875,4850,684,48.5,1.31429076,0.6125,4850,1677,48.5,2.06414866,0.6125,4726,320,48.5,0.979294956,0.6125,4696,272,48.5,0.928349733,0.6125,60.8750076,55.1250038,99.99822,512,-1,485.785156,485.5,0.28515625,0.5,7618.451,7618.951,0,0,0,0,0,0,0,0,0,0,0,0,512,600,1200,3000,57,1,1.30500007,0,17,17,57,2835,10451.9824,1161,1159,36,36,75,56,0,1,67.734,73.274,1.09,10588.77,413.042969,70.51296,0,0,0,0.0292174928,0,0,0,0,0,0,0,0,0,65.875,68,16376,5486,10889,66.4943161,194.752,507799552,165849088
05/26/2026 01:37:54,68,49,0,59,47,62,62,62,62,78,12.0720005,5.03,1.30800009,1.39200008,1.01200008,0.358,0.580000043,3.28400016,2.046,0,3.36800027,3.36800027,3.11600018,60,51.5,53,51.5,1492,629,0,900,577,0,0,0,0,0,37.5,23.44,12.5,10.94,12.5,34.38,9.38,3.12,17.97,37.5,41.885498,4260,981,4040,2006,40.4,2.26589012,0.51875,5050,1220,50.5,1.76437509,0.51875,4040,709,40.4,1.337801,0.51875,4040,565,40.4,1.20359063,0.51875,4040,826,40.4,1.44709218,0.51875,5050,1790,50.5,2.13699031,0.51875,3907,383,40.4,1.05077839,0.51875,3909,350,40.4,1.01618433,0.53125,60.7500076,56.1250038,99.99824,512,-1,485.785156,485.5,0.28515625,0.5,7618.451,7618.951,0,0,0,0,0,0,0,0,0,0,0,0,512,600,1200,3000,57,0.969000041,1.30500007,0,5,16,59,2835,10451.9824,1164,1162,36,36,82,62,0,1,75.127,67.554,1.09,10588.77,413.042969,77.6420746,0,0,0,0.0466732569,0,0,0,0,0,0,0,0,0,68.90625,70,16376,5486,10889,66.4943161,217.117,886849536,228899840
05/26/2026 01:37:56,67,49,0,58,47,61,61,61,61,76,12.0720005,5.03,1.31000006,1.39200008,1.01200008,0.350000024,0.580000043,3.28400016,2.046,0,3.36800027,3.36800027,3.11600018,60,51.5,53,51.5,1492,629,0,884,591,0,0,0,0,0,38.1,11.11,4.69,4.69,6.35,19.05,6.25,6.25,12.06,38.1,41.0055428,4121,861,4040,1994,40.4,2.26387739,0.51875,4040,1021,40.4,1.58757269,0.51875,4014,534,40.4,1.14968908,0.51875,3960,458,40.4,1.0746938,0.51875,4040,648,40.4,1.2646687,0.51875,5050,1602,50.5,1.95829546,0.51875,3919,325,40.4,0.9645955,0.51875,3904,303,40.4,0.9369361,0.51875,60.6250076,55.6250038,99.99824,512,-1,485.785156,485.5,0.28515625,0.5,7618.451,7618.951,0,0,0,0,0,0,0,0,0,0,0,0,512,600,1200,3000,57,0.995000064,1.30500007,0,20,17,59,2835,10451.9824,1169,1170,37,37,81,61,0,1,72.156,63.493,1.09,10588.77,413.042969,76.73512,0,0,0,0.06589562,0,0,0,0,0,0,0,0,0,68.6875,72,16376,5486,10889,66.4943161,217.642,8.998492E+08,177899520
05/26/2026 01:37:58,68,49,0,58,47,62,62,62,62,77,12.0720005,5.03,1.30800009,1.39200008,1.006,0.34800002,0.580000043,3.28400016,2.046,0,3.36800027,3.36800027,3.11600018,60,51.5,53,51.5,1505,606,0,885,591,0,0,0,0,0,21.54,13.85,13.85,7.69,7.69,29.23,6.15,7.81,13.48,29.23,40.45605,3818,818,4850,1591,48.5,1.88541007,0.625,3233,947,32.3333321,1.50421107,0.625,3233,563,32.3333321,1.1525079,0.625,3217,478,32.3333321,1.08733785,0.625,3233,598,32.3333321,1.2032218,0.625,4850,1712,48.5,2.01707029,0.625,3169,336,32.3333321,0.9596215,0.625,4760,317,48.5,0.927306056,0.61875,60.7500076,55.6250038,99.99823,512,-1,485.785156,485.5,0.28515625,0.5,7618.451,7618.951,0,0,0,0,0,0,0,0,0,0,0,0,512,600,1200,3000,56,0.979000032,1.30500007,0,5,16,58,2835,10451.9824,1182,1182,37,37,75,56,0,1,68.393,74.871,1.09,10588.77,413.042969,70.94503,0,0,0,0.0248255339,0,0,0,0,0,0,0,0,0,67.65625,70,16376,5486,10889,66.4943161,198.453,845599744,1.697495E+08
05/26/2026 01:38:00,67,49,0,58,47,61,61,61,61,76,12.0960007,5.03,1.31000006,1.396,1.024,0.352000028,0.580000043,3.28400016,2.046,0,3.36800027,3.36800027,3.11600018,60,51.5,53,51.5,1500,629,0,912,577,0,0,0,0,0,46.88,23.44,6.25,7.81,17.19,34.38,6.25,3.12,18.16,46.88,42.27011,4790,1025,4850,1975,48.5,2.26412559,0.63125,4850,1252,48.5,1.81942415,0.63125,4850,690,48.5,1.33239543,0.63125,4722,554,48.5,1.21203709,0.63125,4850,909,48.5,1.5051223,0.63125,4850,2039,48.5,2.317226,0.63125,4674,405,48.5,1.07600844,0.63125,4673,373,48.5,1.03754437,0.63125,60.8750076,58.5000038,99.99823,512,-1,485.785156,485.5,0.28515625,0.5,7618.451,7618.951,0,0,0,0,0,0,0,0,0,0,0,0,512,600,1200,3000,57,1.079,1.30500007,0,11,16,58,2835,10451.9824,1192,1192,37,37,78,59,0,1,71.246,77.743,1.09,10588.77,413.042969,72.93928,0,0,0,0.0280271415,0,0,0,0,0,0,0,0,0,69.46875,70,16376,5486,10889,66.4943161,204.54,1.0493993E+09,130149376
05/26/2026 01:38:02,67,49,0,58,47,61,61,61,61,76,12.048,5.02000046,1.30800009,1.39200008,1.014,0.34800002,0.580000043,3.27600026,2.046,0,3.364,3.364,3.11200023,60,51,53,51.5,1485,606,0,886,591,0,0,0,0,0,21.88,18.75,10.94,3.12,9.38,28.12,0,1.56,11.72,28.12,40.5403,4794,846,4850,1694,48.5,2.025649,0.6375,4850,1040,48.5,1.59271264,0.6375,4773,531,48.5,1.147929,0.6375,4749,454,48.5,1.0729779,0.6375,4835,605,48.5,1.22705328,0.6375,4850,1760,48.5,2.09737468,0.6375,4698,336,48.5,0.97610575,0.6375,4743,346,48.5,0.9833058,0.6375,60.7500076,55.6250038,99.9982147,512,-1,485.785156,485.5,0.28515625,0.5,7618.451,7618.951,0,0,0,0,0,0,0,0,0,0,0,0,512,600,1200,3000,57,1.05500007,1.30500007,0,8,16,59,2835,10451.9824,1196,1200,37,37,77,58,0,1,71.17,62.58,1.09,10588.7734,413.273438,73.71731,0,0,0,0.0272868741,0,0,0,0,0,0,0,0,0,67.96875,70,16376,5486,10889,66.4943161,205.959,7.286999E+08,272399360
05/26/2026 01:38:04,67,49,0,58,47,61,61,61,61,76,12.0960007,5.03,1.30800009,1.39200008,1.016,0.352000028,0.580000043,3.28400016,2.046,0,3.36800027,3.364,3.11600018,60,51,53,51.5,1501,606,0,905,577,0,0,0,0,0,23.81,12.7,11.11,12.5,19.05,38.1,7.81,7.81,16.61,38.1,40.9757462,4149,839,4040,1631,40.4,1.91132915,0.51875,4040,940,40.4,1.50193346,0.51875,4036,556,40.4,1.16715193,0.51875,4040,524,40.4,1.128317,0.51875,4035,626,40.4,1.235441,0.51875,5050,1712,50.5,2.04146481,0.51875,3943,346,40.4,0.972072542,0.51875,4010,374,40.4,1.0091058,0.51875,60.7500076,57.1250038,99.99824,512,-1,485.785156,485.5,0.28515625,0.5,7618.451,7618.951,0,0,0,0,0,0,0,0,0,0,0,0,512,600,1200,3000,57,1.06000006,1.30500007,0,13,16,59,2835,10451.9824,1200,1200,37,37,77,58,0,1,72.014,78.489,1.09,10588.7734,413.273438,73.78309,0,0,0,0.0287612248,0,0,0,0,0,0,0,0,0,68.3125,70,16376,5486,10889,66.4943161,206.711,7.486495E+08,176999424
05/26/2026 01:38:06,67,49,0,58,47,61,61,61,61,76,12.0720005,5.03,1.30800009,1.39200008,1.024,0.358,0.580000043,3.28400016,2.046,0,3.36000013,3.36000013,3.108,60,51,53,51.5,1483,629,0,897,577,0,0,0,0,0,46.88,31.25,17.46,9.38,18.75,39.06,9.38,7.81,22.5,46.88,40.38177,4094,996,4000,1873,40,2.212748,0.50625,4000,1260,40,1.84479189,0.50625,4000,669,40,1.31960618,0.50625,3955,522,40,1.19356275,0.50625,4000,840,40,1.46486545,0.50625,5000,2050,50,2.40314126,0.50625,3907,403,40,1.07043278,0.50625,3891,355,40,1.0226872,0.50625,60.7500076,55.6250038,99.99822,512,-1,485.785156,485.5,0.28515625,0.5,7618.451,7618.951,0,0,0,0,0,0,0,0,0,0,0,0,512,600,1200,3000,57,1.05000007,1.30500007,0,23,17,60,2835,10451.9824,1202,1199,37,37,81,60,0,2,71.934,76.599,1.09,10588.7734,413.273438,72.9092,0,0,0,0.0328309573,0,0,0,0,0,0,0,0,0,69.46875,70,16376,5486,10889,66.4943161,207.85,693899264,182749184
05/26/2026 01:38:08,67,49,0,58,47,61,61,61,61,76,12.048,5.02000046,1.30600011,1.388,0.994,0.364000022,0.580000043,3.28000021,2.046,0,3.36000013,3.36000013,3.108,60,51,53,51.5,1483,606,0,901,591,0,0,0,0,0,29.23,12.31,10.77,9.23,10.77,26.15,9.23,4.62,14.04,29.23,40.73649,4031,690,4850,1422,48.5,1.672942,0.63125,4850,746,48.5,1.28274119,0.63125,3233,455,32.3333321,1.020395,0.63125,3233,414,32.3333321,0.9768279,0.63125,3233,503,32.3333321,1.064771,0.63125,4850,1397,48.5,1.66440237,0.63125,4806,298,48.5,0.882757246,0.63125,3190,281,32.3333321,0.864809036,0.63125,60.7500076,55.6250038,99.99822,512,-1,485.785156,485.5,0.28515625,0.5,7618.451,7618.951,0,0,0,0,0,0,0,0,0,0,0,0,512,600,1200,3000,57,0.979000032,1.30500007,0,6,16,60,2835,10451.9824,1206,1206,37,37,77,58,0,1,71.825,73.971,1.09,10588.7734,413.273438,72.40134,0,0,0,0.0297792647,0,0,0,0,0,0,0,0,0,67.75,70,16376,5486,10889,66.4943161,205.165,393299968,1.312E+08
05/26/2026 01:38:10,67,49,0,58,47,62,62,62,62,77,12.0720005,5.02000046,1.30600011,1.388,1.046,0.366000026,0.580000043,3.28000021,2.046,0,3.36000013,3.36000013,3.104,61,51,53,51.5,1488,630,0,884,591,0,0,0,0,0,82.35,2.94,0,1.47,0,27.94,1.47,0,14.52,82.35,38.70506,3312,735,5050,4098,50.5,3.09733129,0.55625,3114,210,33.6666679,0.4009077,0.55625,2961,63,33.6666679,0.105662361,0.55625,2900,41,33.6666679,0.0535281263,0.55625,2936,81,33.6666679,0.142181084,0.55625,4040,1341,40.4,1.34248781,0.55625,2794,25,33.6666679,0.0335516147,0.55625,2699,19,33.6666679,0.029160833,0.55625,62.1250076,55.6250038,99.99822,512,-1,485.785156,485.5,0.28515625,0.5,7618.451,7618.951,0,0,0,0,0,0,0,0,0,0,0,0,512,600,1200,3000,57,1.05500007,1.30500007,0,7,16,51,2835,10451.9824,1211,1209,37,37,0,0,0,0,22.205,22.532,1.09,9923.266,412.9297,0.194360122,0,0,0,0.00102049718,0,0,0,0,0,0.446165323,0,0,0,63.3125,66,16376,6152,10223,62.4312057,91.204,49152,49152
05/26/2026 01:38:12,69,49,0,62,47,65,65,65,65,81,12.0720005,5.02000046,1.30600011,1.388,1.014,0.356,0.580000043,3.28000021,2.046,0,3.36000013,3.36000013,3.108,65,51,53,51.5,1507,607,0,910,591,0,0,0,0,0,51.72,15.25,6.78,1.69,10.17,71.19,5.08,5.08,20.87,71.19,40.79673,3605,916,4040,2296,40.4,2.28834462,0.51875,3367,568,33.6666679,0.7227523,0.51875,3244,241,33.6666679,0.3694956,0.525,3147,141,33.6666679,0.257005632,0.525,4040,377,40.4,0.517505944,0.525,5050,3574,50.5,2.8261497,0.5,3082,96,33.6666679,0.215967283,0.5,2869,36,33.6666679,0.13678807,0.5,65.87501,61.7500038,99.99824,512,-1,485.785156,485.5,0.28515625,0.5,7618.451,7618.951,0,0,0,0,0,0,0,0,0,0,0,0,512,600,1200,3000,57,1.064,1.30500007,0,7,16,50,2670,10451.9824,1212,1212,37,37,0,1,0,0,17.856,21.147,0.975,9923.266,412.9297,0.208650038,0,0,0,0,0,0,0,0,0,0,0,0,0,61.625,62,16376,6152,10223,62.4312057,52.59,49152,0
05/26/2026 01:38:14,70,49,0,66,47,69,69,69,69,85,12.0960007,5.02000046,1.30600011,1.39200008,1.052,0.364000022,0.580000043,3.28000021,2.046,0,3.364,3.36000013,3.108,67,51,52.5,51.5,1550,607,0,960,590,0,0,0,0,0,55.38,13.85,7.69,3.08,3.08,67.69,4.62,3.08,19.81,67.69,41.1121521,3901,948,4020,2670,40.2,2.33761573,0.55,4000,522,40,0.7593468,0.55,4000,267,40,0.493594825,0.53125,3367,206,33.6666679,0.338381648,0.53125,4040,335,40.4,0.5293458,0.53125,5050,3216,50.5,2.82205439,0.51875,3367,185,33.6666679,0.257338434,0.51875,3367,185,33.6666679,0.22699213,0.51875,67.12501,60.8750038,99.99822,512,-1,485.785156,485.5,0.28515625,0.5,7618.451,7618.951,0,0,0,0,0,0,0,0,0,0,0,0,512,600,1200,3000,58,1.069,1.30500007,0,10,16,49,2670,10451.9824,1210,1209,37,37,11,2,0,6,17.528,18.32,0.975,8969.43,581.726563,0.326811641,0,0,0,1.57190871,0,0,0,0,0,5.014687,0,0,0,61,62,16376,7106,9269,56.60551,50.501,49152,0
05/26/2026 01:38:16,71,49,0,70,47,73,73,73,73,89,12.0960007,5.02000046,1.30600011,1.39200008,1.064,0.354,0.580000043,3.28000021,2.046,0,3.36000013,3.36000013,3.108,69,51,52.5,51.5,1560,629,0,981,576,0,0,0,0,0,35.94,0,0,0,0,85.94,0,1.56,15.43,85.94,39.46428,3836,705,4040,1285,40.4,1.377022,0.525,4727,177,50.5,0.278520882,0.525,3426,34,40.4,0.0498516336,0.525,3404,32,40.4,0.0423647575,0.525,3546,83,40.4,0.08539908,0.525,5050,3991,50.5,3.554188,0.525,3257,16,40.4,0.0331837833,0.525,3239,20,40.4,0.03607011,0.525,70.00001,56.6250038,99.99823,512,-1,485.785156,485.5,0.28515625,0.5,7618.451,7618.951,0,0,0,0,0,0,0,0,0,0,0,0,512,600,1200,3000,58,1.064,1.30500007,0,10,17,49,2670,10451.9824,1204,1204,37,37,0,1,0,0,16.972,18.363,0.975,9006.945,585.726563,0.00108090148,0,0,0,0.2634815,0,0,0,0,0,0.2744785,0,0,0,60.4375,62,16376,7068,9307,56.834507,48.416,62449664,18199552
05/26/2026 01:38:18,72,49,0,74,47,77,77,77,77,91,12.0960007,5.02000046,1.30600011,1.388,1.054,0.350000024,0.580000043,3.27600026,2.046,0,3.36000013,3.36000013,3.104,73,51,52.5,51.5,1568,606,0,1006,577,0,0,0,0,0,56.52,11.59,5.8,2.9,7.25,59.42,4.35,0,18.48,59.42,43.3241425,4031,929,5050,2809,50.5,3.1890142,0.51875,4040,675,40.4,0.985232055,0.51875,3953,300,40.4,0.5297712,0.51875,3811,194,40.4,0.408125341,0.51875,4001,401,40.4,0.6697923,0.53125,4040,2833,40.4,3.26311612,0.5125,3674,127,40.4,0.3234502,0.5125,3678,90,40.4,0.2675688,0.5125,74.12501,56.8750038,99.99823,512,-1,485.785156,485.5,0.28515625,0.5,7618.451,7618.951,0,0,0,0,0,0,0,0,0,0,0,0,512,600,1200,3000,58,1.0200001,1.30500007,0,10,17,51,2670,10451.9824,1193,1192,36,36,16,9,0,0,25.926,20.158,0.975,10169.793,412.75,13.4207487,0,0,0,0.10642691,0,0,0,0,0,0.0179509725,0,0,0,60.5,62,16376,5905,10470,63.9361038,68.681,749568,3899392
05/26/2026 01:38:20,73,49,0,78,47,81,81,81,81,93,12.0720005,5.02000046,1.30600011,1.39200008,1.062,0.354,0.580000043,3.27600026,2.046,0,3.36000013,3.36000013,3.108,73,50.5,52.5,51.5,1593,628,0,1054,593,0,0,0,0,0,69.84,19.05,7.94,1.59,4.76,47.62,1.59,0,19.05,69.84,42.9639244,3999,991,5050,3570,50.5,3.65164351,0.525,4942,740,50,1.159111,0.525,3752,365,40,0.7535958,0.53125,3641,211,40,0.5675307,0.53125,3660,436,40,0.836843967,0.53125,4975,2413,49.75,2.6267035,0.51875,2980,111,33.1666679,0.4093115,0.51875,2994,81,33.1666679,0.217321366,0.51875,73.62501,58.5000038,99.99824,512,-1,485.785156,485.5,0.28515625,0.5,7618.451,7618.951,0,0,0,0,0,0,0,0,0,0,0,0,512,600,1200,3000,58,1.04500008,1.30500007,0,13,16,49,2850,10451.9824,1182,1182,36,36,13,5,0,0,22.028,61.894,1.09,10670.3359,414.398438,25.1693821,0,0,0,0.201035,0,0,0,0,0,8.962298,0,0,0,60.71875,62,16376,5405,10970,66.98911,78.731,0,0
05/26/2026 01:38:22,74,49,0,82,47,85,85,85,85,92,12.0720005,5.02000046,1.30600011,1.39200008,1.02200007,0.34800002,0.580000043,3.272,2.046,0,3.36000013,3.36000013,3.108,72,51,52.5,51.5,1617,628,0,1133,578,0,0,0,0,0,39.06,21.88,12.5,4.69,20.31,57.81,7.81,4.69,21.09,57.81,41.753334,3990,930,4850,2196,48.5,2.13583517,0.6125,4850,1001,48.5,1.59490228,0.6125,3119,456,32.3333321,1.12233436,0.6125,3117,372,32.3333321,0.9772563,0.6125,4669,583,48.5,1.30083442,0.6125,4850,2368,48.5,2.26613355,0.6125,3223,259,33.6666679,0.8553464,0.54375,3238,203,33.6666679,0.775389254,0.54375,71.87501,56.1250038,99.99824,512,-1,485.785156,485.5,0.28515625,0.5,7618.451,7618.951,0,0,0,0,0,0,0,0,0,0,0,0,512,600,1200,3000,57,1,1.30500007,0,16,17,60,2835,10451.9824,1172,1171,36,36,99,60,0,2,90.136,86.754,1.09,10668.3945,414.398438,93.56467,0,0,0,0.02100323,0,0,0,0,0,0,0,0,0,69.96875,66,16376,5407,10968,66.97857,247.498,5.743995E+08,226599936
05/26/2026 01:38:24,75,49,0,81,47,82,82,82,82,89,12.048,5.02000046,1.30600011,1.39200008,1.0480001,0.354,0.580000043,3.28000021,2.046,0,3.36000013,3.364,3.108,68,51,52.5,51.5,1646,605,0,1173,593,0,0,0,0,0,40.62,18.75,10.94,6.25,20.31,40.62,6.25,6.25,18.75,40.62,43.6447945,3849,1162,4850,2461,48.5,2.38413548,0.64375,4850,1362,48.5,1.92787111,0.64375,3182,630,32.3333321,1.35978508,0.64375,3164,506,32.3333321,1.189518,0.64375,3233,915,32.3333321,1.59857416,0.64375,5050,2750,50.5,2.54047418,0.525,3232,373,33.6666679,1.02803338,0.525,3234,296,33.6666679,0.9242492,0.525,68.50001,56.1250038,99.99822,512,-1,485.785156,485.5,0.28515625,0.5,7618.451,7618.951,0,0,0,0,0,0,0,0,0,0,0,0,512,600,1200,3000,57,0.984,1.30500007,0,5,16,61,2820,10451.9824,1172,1172,37,37,99,61,0,1,88.603,90.455,1.085,10691.0977,414.398438,95.35355,0,0,0,0.02008345,0,0,0,0,0,0,0,0,0,72.71875,68,16376,5384,10991,67.1171,255.435,4.931492E+08,220899328
05/26/2026 01:38:26,76,49,0,77,47,78,78,78,78,85,12.048,5.02000046,1.30600011,1.39200008,1.034,0.354,0.580000043,3.27600026,2.046,0,3.364,3.36000013,3.108,66,51,52.5,51.5,1662,627,0,1145,594,0,0,0,0,0,51.56,21.88,10.94,9.38,15.62,51.56,10.94,7.81,22.46,51.56,43.4730225,4100,1067,5025,2322,50.25,2.42089128,0.525,5025,1236,50.25,1.84653044,0.525,3894,537,40.2,1.27693892,0.525,3854,414,40.2,1.09250808,0.525,3917,743,40.2,1.47754741,0.525,4020,2713,40.2,2.67836356,0.525,3856,302,40.2,0.9598162,0.525,3213,271,33.5,0.8858987,0.525,66.37501,59.0000038,99.99822,512,-1,485.785156,485.5,0.28515625,0.5,7618.451,7618.951,0,0,0,0,0,0,0,0,0,0,0,0,512,600,1200,3000,58,0.995000064,1.30500007,0,6,16,60,2820,10451.9824,1193,1198,41,41,95,59,0,2,88.928,87.281,1.085,10691.1055,417.578125,93.42534,0,0,0,0.0208706632,0,0,0,0,0,0.106782489,0,0,0,72.40625,68,16376,5384,10991,67.1171,254.302,6.397E+08,230949888
05/26/2026 01:38:28,77,49,0,73,47,74,74,74,74,83,12.048,5.01,1.30600011,1.39200008,1.018,0.350000024,0.580000043,3.27600026,2.046,0,3.364,3.36000013,3.108,64,51,52.5,51.5,1659,605,0,1122,579,0,0,0,0,0,46.88,20.31,10.94,15.62,20.31,46.88,12.5,7.81,22.66,46.88,44.4956245,4200,1068,5050,2565,50.5,2.58638954,0.51875,5050,1196,50.5,1.79695129,0.51875,3929,571,40.4,1.272344,0.51875,3913,445,40.4,1.10373318,0.51875,3944,707,40.4,1.42046523,0.51875,4040,2453,40.4,2.540581,0.51875,3820,318,40.4,0.948767,0.51875,3851,288,40.4,0.9029888,0.51875,65.50001,57.1250038,99.99824,512,-1,485.785156,485.5,0.28515625,0.5,7618.451,7618.951,0,0,0,0,0,0,0,0,0,0,0,0,512,600,1200,3000,57,1.064,1.30500007,0,6,16,62,2820,10451.9824,1258,1264,42,42,96,60,0,2,87.208,93.945,1.085,10691.1055,417.578125,92.1152039,0,0,0,0.0153557882,0,0,0,0,0,0,0,0,0,73.34375,68,16376,5384,10991,67.1171,253.131,710999040,210749440
05/26/2026 01:38:30,76,49,0,69,47,70,70,70,70,81,12.048,5.02000046,1.30600011,1.388,1.05800009,0.366000026,0.580000043,3.27600026,2.046,0,3.36000013,3.36000013,3.108,63,51,52.5,51.5,1664,628,0,1072,579,0,0,0,0,0,46.03,23.81,14.29,11.11,11.11,50.79,7.94,9.38,21.81,50.79,43.06808,3955,1117,4040,2178,40.4,2.29010415,0.63125,4040,1241,40.4,1.81608844,0.63125,3367,689,33.6666679,1.38287127,0.63125,3341,522,33.6666679,1.17943108,0.63125,4040,865,40.4,1.57176042,0.63125,5050,2786,50.5,2.55251622,0.53125,3873,359,40.4,1.00031519,0.53125,3891,299,40.4,0.916449845,0.53125,63.5000076,56.1250038,99.99822,512,-1,485.785156,485.5,0.28515625,0.5,7618.451,7618.951,0,0,0,0,0,0,0,0,0,0,0,0,512,600,1200,3000,58,1.069,1.30500007,0,19,17,61,2820,10451.9824,1315,1322,43,43,99,61,0,1,88.175,91.591,1.085,10691.1055,417.578125,93.73724,0,0,0,0.0180192534,0,0,0,0,0,0,0,0,0,73.28125,70,16376,5384,10991,67.1171,255.121,811449344,114049024
05/26/2026 01:38:32,75,49,0,65,47,66,66,66,66,80,12.048,5.02000046,1.30600011,1.39200008,1.03000009,0.358,0.580000043,3.27600026,2.046,0,3.36000013,3.36000013,3.108,63,51,52.5,51.5,1626,606,0,1021,590,0,0,0,0,0,40.62,18.75,1.56,1.56,12.5,54.69,0,1.56,16.41,54.69,42.7196732,4055,960,4040,2185,40.4,2.21960568,0.525,5050,1027,50.5,1.63358533,0.525,3847,427,40.4,1.12599766,0.525,3945,408,40.4,1.05275357,0.525,3847,611,40.4,1.32077062,0.525,4040,2530,40.4,2.38690186,0.525,3825,252,40.4,0.858770669,0.525,3846,243,40.4,0.8191339,0.525,63.0000076,56.1250038,99.99824,512,-1,485.785156,485.5,0.28515625,0.5,7618.451,7618.951,0,0,0,0,0,0,0,0,0,0,0,0,512,600,1200,3000,58,1.064,1.30500007,0,14,17,62,2820,10451.9824,1356,1358,44,44,98,61,0,2,90.095,92.126,1.085,10691.1055,417.578125,93.9238,0,0,0,0.01786052,0,0,0,0,0,0,0,0,0,73.6875,70,16376,5384,10991,67.1171,255.76,6.515497E+08,185499648
05/26/2026 01:38:34,73,49,0,63,47,65,65,65,65,79,12.048,5.02000046,1.30600011,1.388,1.03000009,0.362000018,0.580000043,3.27600026,2.046,0,3.364,3.36000013,3.108,62,51,52.5,51.5,1610,628,0,965,575,0,0,0,0,0,39.06,13.85,4.62,4.62,9.23,50.77,6.15,1.54,16.23,50.77,41.8972778,3736,982,4040,2007,40.4,2.16691756,0.525,3367,1085,33.6666679,1.66811121,0.525,3269,536,33.6666679,1.20758033,0.525,3258,416,33.6666679,1.04527748,0.525,3251,638,33.6666679,1.353383,0.525,5050,2626,50.5,2.401689,0.53125,3822,305,40.4,0.9017455,0.53125,3833,247,40.4,0.8319321,0.53125,62.3750076,56.1250038,99.99823,512,-1,485.785156,485.5,0.28515625,0.5,7618.451,7618.951,0,0,0,0,0,0,0,0,0,0,0,0,512,600,1200,3000,58,1.069,1.30500007,0,10,16,61,2820,10451.9824,1388,1390,45,45,99,61,0,2,89.387,88.612,1.085,10691.1055,417.578125,93.74224,0,0,0,0.0183332618,0,0,0,0,0,0,0,0,0,72.90625,70,16376,5384,10991,67.1171,257.856,624399360,158049280
05/26/2026 01:38:36,72,49,0,63,47,65,65,65,65,79,12.048,5.02000046,1.30800009,1.39200008,1.064,0.354,0.580000043,3.27600026,2.046,0,3.364,3.36000013,3.108,62,51,52.5,51.5,1600,606,0,968,589,0,0,0,0,0,43.75,20.31,15.62,10.94,15.62,56.25,6.25,7.81,22.07,56.25,43.28383,4329,1095,5050,2303,50.5,2.27223086,0.53125,4040,1199,40.4,1.77864015,0.53125,4965,661,50,1.3495537,0.50625,3917,484,40,1.14532113,0.50625,4000,886,40,1.58927286,0.50625,5000,2581,50,2.48107672,0.50625,3827,359,40,1.0057627,0.50625,3831,286,40,0.913823068,0.50625,62.2500076,56.6250038,99.99822,512,-1,485.785156,485.5,0.28515625,0.5,7618.451,7618.951,0,0,0,0,0,0,0,0,0,0,0,0,512,600,1200,3000,58,0.984,1.30500007,0,13,17,63,2820,10451.9824,1408,1407,45,45,99,61,0,2,91.199,93.437,1.085,10691.1055,417.578125,94.6148453,0,0,0,0.0200087335,0,0,0,0,0,0,0,0,0,73.375,70,16376,5384,10991,67.1171,256.156,343499776,231349248
